0,5,8,20,170,239,245,258,274,276,291,367,372,446,528,555,664,773,802,909,1025,1046,1242,1357,1381,1506,1564,1637,1835,1850,1969,1985,2202,2534,2820,2864,2875,3047,3082,3170
1,6,7,9,10,16,18,26,29,34,38,39,41,45,49,55,56,57,58,62,63,65,66,67,69,70,71,72,74,75,79,80,82,84,85,87,88,89,90,91,93,99,102,103,105,107,108,110,112,115,116,122,123,124,129,131,139,142,145,149,151,152,157,158,165,168,169,171,174,175,177,181,204,205,206,210,215,216,219,233,257,268,272,274,282,284,286,287,292,293,295,296,297,298,299,312,313,314,315,316,318,319,320,321,322,323,327,328,329,330,331,332,341,347,348,349,351,361,380,381,382,384,386,387,391,393,394,396,397,398,402,403,404,405,424,425,426,428,429,435,436,437,438,441,442,444,449,460,461,465,467,468,480,485,491,493,496,497,499,506,510,511,520,522,539,542,551,552,553,557,559,560,562,564,565,566,568,570,571,572,580,583,584,586,589,594,599,600,602,606,610,611,621,623,625,635,641,646,647,651,652,653,654,656,657,658,661,662,665,667,668,670,671,675,676,677,679,681,683,684,686,687,688,689,690,691,692,693,695,707,708,711,712,725,726,729,730,735,736,740,745,746,748,749,763,765,766,768,769,771,772,779,780,781,782,783,784,785,786,787,788,789,790,791,792,793,794,795,796,797,798,799,800,801,804,805,806,808,810,824,831,834,836,841,845,850,853,855,856,862,863,865,866,867,868,869,870,871,876,878,880,889,890,894,896,900,901,903,904,905,906,907,908,916,920,925,926,933,934,936,937,938,939,942,943,944,945,953,955,956,957,958,959,960,963,970,971,979,984,985,991,992,999,1002,1006,1007,1008,1009,1012,1013,1014,1018,1021,1028,1032,1033,1035,1037,1038,1043,1047,1048,1054,1055,1056,1061,1063,1064,1066,1071,1072,1074,1078,1085,1086,1087,1095,1103,1104,1105,1109,1111,1118,1121,1123,1124,1125,1127,1128,1129,1135,1138,1142,1148,1151,1161,1165,1166,1167,1169,1170,1177,1179,1188,1189,1190,1195,1197,1199,1205,1207,1215,1217,1220,1228,1231,1236,1253,1254,1261,1263,1266,1267,1269,1298,1303,1304,1305,1340,1362,1363,1364,1368,1393,1396,1397,1398,1407,1409,1410,1412,1415,1417,1418,1419,1420,1421,1448,1450,1504,1538,1539,1546,1549,1551,1552,1553,1554,1555,1556,1574,1575,1584,1587,1594,1604,1612,1616,1621,1622,1627,1636,1650,1651,1656,1661,1663,1670,1688,1693,1695,1698,1704,1706,1707,1709,1710,1711,1712,1713,1714,1715,1716,1719,1720,1726,1728,1730,1732,1733,1738,1742,1744,1750,1752,1754,1755,1756,1759,1761,1766,1768,1769,1772,1773,1774,1775,1783,1789,1791,1792,1794,1795,1796,1798,1800,1802,1805,1806,1811,1812,1817,1818,1819,1821,1822,1823,1825,1826,1828,1829,1830,1834,1839,1841,1848,1852,1863,1864,1865,1867,1868,1873,1879,1883,1884,1887,1889,1891,1892,1899,1900,1901,1902,1903,1907,1915,1916,1928,1939,1941,1943,1945,1946,1959,1987,1988,1999,2009,2010,2014,2017,2046,2048,2050,2051,2055,2056,2061,2064,2065,2068,2073,2074,2075,2076,2080,2088,2099,2112,2126,2129,2131,2134,2135,2138,2152,2165,2172,2177,2182,2191,2195,2196,2197,2203,2205,2229,2247,2248,2250,2258,2285,2302,2303,2304,2305,2308,2312,2314,2315,2317,2318,2319,2321,2322,2323,2324,2328,2330,2331,2332,2333,2358,2369,2370,2372,2386,2389,2390,2395,2396,2399,2401,2410,2413,2415,2419,2423,2456,2457,2458,2459,2460,2462,2465,2472,2476,2477,2484,2488,2491,2511,2537,2564,2568,2570,2572,2585,2587,2589,2590,2591,2594,2597,2598,2600,2601,2603,2604,2607,2608,2610,2615,2616,2617,2618,2620,2621,2624,2625,2627,2630,2631,2632,2634,2637,2641,2643,2645,2646,2647,2651,2652,2653,2655,2658,2667,2668,2674,2678,2683,2684,2685,2686,2687,2692,2694,2695,2698,2700,2704,2706,2710,2712,2716,2718,2720,2721,2722,2723,2727,2730,2731,2732,2734,2736,2737,2738,2739,2741,2743,2746,2748,2757,2759,2764,2765,2772,2782,2790,2792,2794,2796,2797,2799,2800,2804,2814,2816,2822,2823,2826,2828,2835,2837,2839,2840,2842,2850,2851,2857,2858,2862,2866,2870,2872,2874,2877,2880,2885,2890,2891,2892,2894,2903,2907,2912,2925,2931,2932,2935,2939,2940,2941,2942,2943,2944,2949,2950,2951,2952,2955,2957,2958,2960,2962,2963,2965,2967,2970,2972,2973,2979,2980,2994,3004,3017,3026,3027,3035,3038,3040,3043,3044,3051,3052,3054,3055,3056,3057,3058,3059,3060,3063,3117,3118,3126,3128,3130,3135,3140,3172,3193
2,10,16,25,41,43,47,54,59,61,68,71,115,123,124,126,128,129,131,139,141,145,150,151,156,158,159,167,174,180,206,217,240,252,259,271,274,277,281,287,299,300,301,306,309,310,313,316,319,320,321,323,330,332,333,349,368,370,386,391,401,404,423,430,431,441,442,443,444,445,446,447,448,449,450,451,452,453,454,455,456,457,497,503,521,523,524,558,560,561,563,588,590,591,592,596,597,598,600,610,616,632,637,640,646,649,654,676,695,698,722,787,796,822,829,847,856,870,892,897,902,918,939,953,962,970,1015,1037,1060,1066,1106,1119,1139,1144,1148,1152,1154,1155,1159,1179,1183,1194,1230,1231,1247,1259,1262,1268,1284,1287,1288,1292,1294,1326,1341,1343,1345,1346,1347,1348,1349,1350,1351,1352,1353,1354,1355,1356,1357,1358,1359,1360,1361,1362,1363,1364,1365,1366,1367,1368,1369,1370,1371,1372,1373,1374,1375,1376,1377,1378,1379,1380,1381,1382,1383,1384,1385,1386,1387,1388,1389,1390,1411,1414,1426,1428,1437,1449,1453,1457,1468,1469,1475,1520,1521,1522,1524,1527,1534,1535,1536,1542,1547,1548,1554,1562,1568,1606,1614,1623,1628,1634,1666,1676,1690,1713,1716,1741,1784,1806,1807,1809,1811,1814,1829,1845,1853,1863,1865,1874,1878,1943,1946,1947,1964,1968,1981,1987,1993,2000,2002,2006,2012,2013,2015,2016,2019,2020,2081,2083,2085,2087,2088,2089,2090,2091,2092,2093,2094,2095,2096,2099,2100,2101,2106,2108,2109,2110,2111,2113,2121,2132,2139,2152,2164,2188,2203,2208,2211,2246,2253,2322,2326,2327,2348,2352,2372,2383,2385,2391,2392,2394,2398,2419,2443,2456,2464,2467,2486,2487,2493,2494,2496,2500,2502,2505,2510,2516,2519,2537,2540,2542,2544,2549,2577,2578,2587,2612,2618,2619,2623,2635,2664,2684,2696,2709,2711,2729,2736,2740,2764,2765,2772,2776,2779,2792,2798,2799,2806,2815,2830,2840,2841,2906,2925,2930,2933,2935,2944,2953,2967,2973,2990,2994,3015,3055,3109,3197,3202,3206,3213
5,33,221,232,2989,3095,3191,3196,3225
5,119,134,154,202,214,360,383,459,464,481,482,492,505,517,630,679,685,704,741,762,770,807,815,818,881,887,917,972,998,1036,1083,1234,1326,1630,1669,1687,1703,1778,1781,1842,1866,1912,2042,2049,2060,2115,2122,2130,2162,2171,2208,2209,2225,2245,2246,2259,2261,2263,2279,2335,2337,2351,2367,2379,2455,2462,2473,2488,2505,2549,2576,2592,2613,2676,2725,2803,2815,2834,2867,2889,2917,2924,2926,2934,2956,2977,3000,3015,3041,3045,3085,3090,3132,3138,3143,3144,3159,3162,3182,3205,3206,3207,3208,3209,3220
7,115,712,947,1439,1544,1853,2717,2978,2986
7
9,149,667,683,2648
9,25,66,72,116,122,164,165,174,184,196,222,224,233,282,288,300,310,313,319,323,324,329,331,332,336,345,347,349,350,353,359,366,387,392,393,400,405,413,415,422,439,443,464,555,582,595,605,607,610,614,637,642,643,648,672,686,692,699,702,703,723,729,734,744,771,777,783,784,787,797,805,809,814,842,884,897,904,936,940,941,947,953,963,966,970,972,980,982,989,999,1007,1012,1013,1015,1022,1026,1027,1060,1062,1089,1091,1092,1094,1096,1114,1120,1122,1127,1142,1151,1158,1159,1162,1166,1169,1196,1209,1212,1213,1215,1227,1229,1231,1236,1239,1248,1249,1266,1270,1272,1284,1286,1292,1294,1304,1313,1323,1347,1349,1353,1357,1360,1362,1363,1364,1371,1376,1378,1379,1383,1385,1387,1405,1414,1417,1419,1442,1542,1551,1562,1568,1571,1572,1573,1580,1609,1610,1612,1634,1635,1651,1652,1663,1666,1678,1688,1690,1691,1706,1710,1748,1781,1787,1789,1798,1842,1877,1901,1903,1906,1910,1911,1915,1923,1926,1933,1939,1958,1977,1989,1991,2006,2025,2049,2057,2063,2074,2075,2077,2082,2096,2098,2116,2120,2123,2128,2135,2182,2191,2195,2196,2197,2198,2205,2209,2215,2220,2221,2227,2243,2256,2261,2280,2282,2285,2294,2295,2311,2319,2329,2337,2366,2375,2384,2397,2427,2437,2484,2491,2524,2526,2539,2542,2548,2550,2583,2587,2588,2589,2590,2597,2599,2625,2626,2628,2630,2643,2679,2717,2718,2721,2730,2739,2749,2781,2782,2787,2798,2811,2817,2838,2842,2906,2907,2910,2936,2939,2941,2957,2987,3002,3010,3011,3039,3049,3101,3123,3129,3134,3136,3144,3172,3198,3208
9,96
10,2250
12,183,228,242,325,447,507,523,554,777,986,1181,1325,1346,1385,1560,1571,1576,1612,1692,1900,2029,2225,2244,2304,2361,2365,2409,2438,2638,2754,2873,2943,2966,2993,3003,3067,3072,3099,3109,3225
16,2733
17,409,718,973,1026,1131,1140,1190,1296,2761,2887,2895,2900
17,354,436,956,957,973,1068,1271,2288,2688,2747,2769,2853,2854,2855,2865,2883,2887,2893,2894,2895,2896,2897,2900
18,887
19,164,176,454,536,613,704,869,1028,1541,1923,1989,2886,3005
20,2560
21,63,1689,2379
22,343,378,464,547,685,1234,1333,2164,2298
22,219,1076,1176,1241,2660
26,29,45
26
26,38,45,56
26
26
27,549,1080,1182,1230,1323,1339,1403,1433,1456,1531,1932,1983,1993,1995,2137,2534,2584,3175
28,774,1043
30
32,37
34
34
34,925
34
35,102,630,672,945,1019,1415,1419,1420,1455,1986,2278,2732,2753,2818,2823,2839,2845
37
38,56,2775
38,3057
39,55,62,252,579
40,131,521,539,544,555,562,564,567,572,578,579,580,584,587,880,1030,1148,1161,1188,1214,1365,1606,1611,1614,2089,2099,2412,2464,2537,2617,2631,2632,2665,2670,2912
41,47,53,98,99,104,105,109,110,111,116,117,559,563,572,584,1318,1323,1351,1388,1390,1454,1524,1536,1591,1708,1715,1738,1773,1795,1838,2338,2340,2525,2531,2546,2547,2548,2549,3083,3084,3169,3178,3182
43,2846,2860
45,2608
45
46,49,62,77,107,135,138,141,143,150,151,158,175,249,259,310,402,448,450,452,455,548,636,724,880,883,892,946,1344,1348,1351,1354,1355,1367,1371,1376,1400,1408,1414,1422,1423,1445,1449,1452,1457,1465,1475,1487,1509,1521,1535,1536,1540,1542,1548,1559,1560,1562,1566,1568,1574,1594,1602,1634,1650,1676,1702,1968,1981,1982,1989,1990,1992,1994,2005,2021,2083,2091,2094,2096,2139,2180,2357,2360,2381,2448,2486,2492,2499,2570,2601,2611,2659,2668,2672,2767,2769,2865,2996,3027,3036,3112,3121,3156,3163,3164,3217,3223
49,539
51,457,511,899,905,994,1172,1433
52,1962
53,117,140,152,257,586,644,706,987,1197,1531,1622,1716,1880,2336,2407,2553,2554,2556,2565,2829,2901,2992,3100,3139,3194
57
58
58,60,373,553,585,954,1123,1142,1147,1160,1260,2624,3052
59,83,160,213,251,385,498,709,753,757,803,849,902,918,954,977,983,996,1042,1058,1068,1069,1079,1090,1141,1150,1173,1184,1191,1193,1471,1631,1717,1721,1725,1729,1735,1737,1747,1753,1757,1777,1784,1790,1820,1833,1843,1849,1871,1885,1886,1898,1904,1917,1929,2002,2007,2044,2057,2062,2067,2069,2120,2151,2157,2256,2286,2301,2307,2309,2313,2320,2344,2383,2405,2424,2464,2468,2469,2471,2573,2578,2584,2593,2602,2605,2640,2665,2670,2707,2708,2714,2724,2735,2773,2795,2798,2813,2849,2868,2873,2878,2884,2902,2913,2919,2928,2930,2936,2948,2959,2964,2968,2975,3046,3066
59,72,221,223,298,304,331,342,347,776,797,1031,1032,1142,1143,1179,1218,1240,1313,1314,1481,1543,1705,1765,1837,1962,2001,2082,2086,2107,2318,2474,2489,2499,2501,2504,2506,3004,3077,3207
60,234,551,565,585,707,794,954,1126,1128,1147,1160,1247,1260,1918,1941,2109,2626
61
62,1779,3040
63,1738
63
63,557,571,602,841,1164,2060
65,66,165,568,933,1090,1105,1746
66
66,946,1689,1699,1701,1988,2184
66
68,70,234,251,314,315,320,333,342,594
69,234,464,646,1739,1763,2216,2227,2240,2778
70,316,321,342,438,501,797,1451,1916,2194,2364,2469,2603,2760,2959,3103
70
74
74,1157,1259,1435,1440,1441,1445,1891,2613,2759,3094
75,191,399,640,1226,1404,1494,1660,1859,1894,2233
76,194,531,1255,1856,1978,2234,2787,3005
76,335,531,3006,3153
78,267,733,1483,2233,2243,2257,3146,3157,3164,3165,3167,3168,3174,3176,3179,3181,3182,3185,3187,3190,3191,3192,3195,3210,3215,3218,3225
78
78
81
82,152,181,286,341,380,397,421,710,890,896,983,984,985,992,996,2813,2816,2822,2828,2840,2849
83,2150
83
84,239,492,2365
84,427,522,566,574,599,611,700,955,971,1031,1263,1366,1726,1770,2122,2390,2742,2776
86,519,592,607,644,722,1000,1075,1279,1448,1449,1539,2198,2356,2674,2686,2694
86,644,1279,1881,3144,3145
86,607,1023,1050,1279,2181,2198,2687,2692
89,1627,1670,2286,2328,2880
89,485,1627,1670,1732,2286,2328,2851,2980
90,1424
91,2610
91,711,2172
92,136,742,751,964,1802,1819,1826,2947
92,311,576,1093,1176,1192,1659,1683,1905,1909,2909
95,184,187,194,200,439,461,469,547,615,830,849,895,911,912,966,977,978,999,1029,1053,1069,1072,1074,1076,1153,1163,1168,1177,1237,1277,1278,1283,1302,1604,1641,1765,1794,1881,2015,2050,2126,2137,2150,2156,2166,2186,2298,2304,2310,2327,2704,2856,2886,2902,2907,2937,2988,3096
101
101
101
106,112,123,133,135,138,141,745,1055,3023,3202
107
107,533,1592,1977,3101,3152
108,122,556,654,939,1046,1261,1941,2196,2312,2352,2626,3067,3072,3073
111,642
112,383,501,623,646,763,765,786,794,801,916,1124,1253,1767,2194,2214,2437,2623,2742,2959,3034
113,1421,2504,2966
113
119,130,328,697,907,1176,1195,1199,1205,1210
120
121,233
122,520,934,1373,1432,2578,2610,2712,2837
128
128
130
133
134
134
135
135
135,151,158
136,146,149,339,517,604,764,775,827,858,1055,1066,1123,1233,1304,1455,1479,1628,1727,1752,1793,1797,1804,1836,1864,1867,1960,2259,2269,2272,2279,2573,2612,2753,2768,2778,2858,2868,2930,2949,2952,2955,3016,3041,3139
142,169,175,182,184,186,187,188,191,192,907,1492,2275,3075
146,284,360,1330,1458,2953,3159
147
149
150
150,158
150,189,240,609,616,778,780,1288,1805,1918,2147,2218,2287,2803
153,1590,1592,2927
153,2019,2623
154,2085,2110,2164,2917
154,198,199,214,1006,1854,1857,1860,1861,1948,1950,1952,1967,2032,2035,2037,2038
154,202
154,1803,2365
156
160,168,326,986,1251,1451,2204,2244,2698,3024,3034
160
161,163,173
166,2149,2150,2574,2579,2581,2689,2780,2784,2997,3000,3064,3121,3122,3124
169,711
170,838,846,981,994,995
172
172,189
172,2070,3035
173
177,181,2962,3126
177,845,863,895,908,959,970,1006,1033,1081,1280,1724,1732,1897,2289,2317,2328,2826,2862,2872,2874,2880,2980
179
181,1749
183,228,325,447,1505,1571,1689,3003,3067,3072
185,731
187,947,1210,2020,2093,2472
189,461,616,1222,1288,1356,2287
190,237,1140,1291,1296,1933,2098,2535,2876,2886,2910
193,613,704,1893,1923,1976,2179,2885,2886,2895,3018
193,605,655,723,1082,1240,1314,2058,2361,2461,2498,2583,3111
197
197,240,440,986,1058,1060,1953,1963,2030,2039,2143,2169,2214,2227,2244,2435,2824,3034,3048
199,316,500,594,1717,1855,2026,2031,2037,2047,2278
200,1702,1998,2144,2364,2367,2390,2423,2426,2428,2430,2437,2440,2445,2446,2448,2452,2453
201,225,462,484,845,1087,1732,2059,2166,2304,2650,2756,2873,3150
202
203,275,289,467,468,469,470,476,477,487,612,961,1049,1724,2079,2105,2180,2201
204,265,1888,2644
204,205,213,216,459,498,589
205,1400
206,304,581,1071,1261,1374,1423,1812,1999,2196,2567,2746
207
207
207,741,845,1851
207
209,705,1633,1713,1715
210,2786
211,463,478
213
213
214,1945
217
218
219
220
222,488,884,2078,2261
223,262,1506,1808
223
225
227,474,1921
230,2745
231,270
234,438,675,709,768,793,794,870,1777,2112
235,431,685,1107,1234,1283,1697,2796
235
243,2692
243,643,3134,3136
244,3076
244,2958,2964,2965
245,315,1408,2419
245
245
246,1647,1686
253,254,420,595,942,1301,1480,1756,2130,2145,2272,2384,2394,2405,2411,2423,2425,2432,2433,2434,2440,2441,2442,2446,2450,2782
255
255,458,900,969,1014,1303,1305,1352,1551,1570,1622,1698,1739,1831,2130,2140,2366,2435,3208,3211
258
260,809,881,1144,1154,1965,2558
260
261,390,2775
261
261
261,2665
262,2287
262
262,2526
265
267,492,777,790,1503,1834,2790
267
267,790,2554,2563,2680,2771
268,596,1024,1052,1149,1153,1216,1947
268,312
269
270
270,2812
272
276,291,300,301,302,303,304,305,306,307,308,309,310,311,367,1196,1426,1462,1470,1473,1528,1535,1559,1560,1561,1562,1563,1564,1565,1566,1567,1568,1569
277,763,765,801
281,375,518
281
282,405,426
283,337,340,355,381,536,769,799,850,855,869,871,1133,1255,1594,1717,1877,1910,1918,1951,1984,2045,2049,2424,2564,2573,2734,2943,3013
283,357,358,359
284,1578,2069,2386
284
285,2454,2598,2689,2722
285
285,1925,1926,1942
285,2810
290
294,311,378,457,481,512,540,618,673,968,1192,1224,1654,1681,1997,2085,2110,2121,2142,2193,2673,2712
297
299,321,870,1639,1920,3205
301,1264,2181,2658,3139,3144
302,453,722,909,979,1000,2611
304
307,2754
308,382,1261
310,1687,2258,2350,2977
310,670,928,940,947,1067,1218,1311,1339,1370,1405,1543,1552,1623,1676,1678,1768,1813,1900,2473
310,488,1004,1370,1659,1677
312,2954
313
314
315
316,321,594,2394,2401,2418,2712
318
318
318
320
321,329,381,2020,2093,2573,2587,2591,2603,2604
321
322,381
324
326,1348
326,501,766,802,803,942,2140,2419,2424,2438,2798,2800,3054,3060,3099,3128
328,374,381,583,824,863,889,1008,1036,1121,1164,1176,1199,1213,1289,1321,1894,2053,2349,2576,2592,2817
328,381,459,500,777,783,1128,1196,1205,1717,1831,1868,2278,2424,2438,2576,2597,2600,2782,2941,2948,2957,3023,3048
329,717,816,1151,1659,1765,1895,1901,2976,2989,2996
329,656,680,682,686,689,690,707,708,725,779,796,1267,1791,1917,2158,2591,3002
331
334
335
339,901,906,1136,1932,2455,2633,2977,3177
339
339,721,1484,1506,2147,2208,2210,2257,2479,2576,2717,2785
340
343
345,351,500,603,641,647,652,653,658,665,686,693,752,785,796,834,916,926,936,1278,1695,1717,1842,2235,2253,2263,2337,2424,2597,2600,2719,2932,2941,2944,2957,3197,3205
346
346,2391,2392
346,929,932,969,2391,2392
346,1740,1778,1821,2262,2454,3115,3224
348
348
350,1410,2040,2409
350,1937,2409
353,1639,1920,3206
354,1271,1973,2747,2998,3025,3054,3074
358,554,815,990,1036,1107,1127,1312,1394,1429,1447,1501,1601,1682,1971,2027,2060,2294,2400,2504,2968
358,726,751,752,963,1358,1588,2285,2863
360,488,660,733,1209,1400,1432,1483,1537,1609,1680,1682,1808,1905,1907,1909,1982,2004,2143,2174,2329,2340,2462,2539,2784,2803,3002,3078,3215
360,550,1982,2265,2269,2272,2273,2279,2778
361,674
362,543,773,952,1653,1970
368
374,1643,2297
374
375
375
377,2350
381
382
382,675,709
383
385
386,393,400,403,405,408,427,920,930,937,1072,1135,1194,1455,1501,2630,2634
387
388
390
392
394
394,671,672,673,1187,2193,2206,2327,2847,2988
396
399
400
400,1482
401,444,1409
402,426,427
402
403,424
404
410,437,583,625
411
413,725
413,417,425,570,661,876,930,934,942,1109,2009,2248,2608,2615,2618,2621,2634,2786,2837,3027,3051,3059
414
414
414
414
414
414,659
414
415,561
416
418,1746
419,1837,1912
419
424
424,427
426
428
428
429,609,807,1076
429,589
429,463,589,1448,1626,2643,2648,2653
430,445
432
432
432,1397,1544,2463,2636,2640,2641,2643,2644,2645,2648,2649,2650,2653,2654,2656,2657
433,2159,2523,2554,2563,2566,2568,2582,2674
437
440,458
451,1196,1463,1474,1524,2378,2475,2551
459
459,478,697,1097,1195,1207,2541
459,2576
460,851,2089
461,1835
462,471
464
464
464
466,619,1413,1422,2588
466,470
469
475
477
479,792,804,806,1529,1621,1709
483,1939
485,894,1924
485,836,960,1009,2851
486
490
490,1210,2400,2454
490,2170
492
493,498,869
496
496
497,1082,1185,1218,2302,2332,2903
502,537,1377,1389,1642,1656,2008,2094,2319,3171,3182
504
508,1338,1655,1739,2223,2246,2346,2368,2585,2638,2961,3075,3093
509,582,883,1186,1198
509
509,1208,2127
510
512
512
513
513
514,922,1241,1558,1662,2041,3082,3083
515
516,1480,2443
517,604,609,814,852,885,1062,1233,2375,2689,2780,2784,2791,3032,3064,3121,3124,3125,3127,3129,3143
519,699,849,1364,1651,1901
520,553,698
521
525
526,1294
529,2390
529
529,546,759,828,1655,1824,1972,3007,3061,3075,3119,3150
530,2292,3123
530,1430,3011
531
532,1132
533,1093,1438,1442,1443,1638,1930,1948,1949,1977,2028,2036,2259,2264,2279,2329,2336,2338,2340,2342,2364,2393,2425,2569,2773,2867,3101,3152
534,3123
534,3212
536,1028,1733,1861
537
538,573,634,696,713,718,721,723,724
541
541,1337,1649,1685,1778,2001,2131,2268,2557,2574,2595,2832,3115,3168,3224
541
542,880
542,552,559,560,568,878,1109,1138,1636
544
545,826,1174,1274,1973,2245,2320,2688,2747,2857,2908,3044,3054,3063,3074,3142,3148
548,2991
549,1303,1843,2280,3077
550
550,960
551,559
554
554
556,611,3014
557
559
559
561,1884
562,610,918,953,1135,1161,2203
569,1821
570,2009,2615,2871
575,962,1270,1387,1700,1987,2024,2380,3006,3025,3063,3074
576,1608,1973,2612
582,1831
582
583,2118,2643,2652,2656
585,954,1260
588
590
590
591,1618
591,1092,1618
592
593,1125,2114,2474,2598,2767,2810
593
593,2474
593,2763,3133
593,1740
595
595,2417
595,2130,2789,2991
596,1994
597,1189,2071
602,1229
604
604
604
607,1023,1050,2198
616,1288,1578
618,1002,1056,1115,1150,2110
622,1515,1816
623,1992,1997,2162
625
626
626
627,756,1319,2346,2924
627,2582
628
628
628
628
628
631,757,1249,1298,2549,2948
635,1441
636
638
639,1512
642
643,2658,3136,3144
643,2711,3136
647,678,691,712,785,2229,2263,2932,2941,2944,2957,3208,3211
648,743,997,1282,1435,1451,1654,1714,1847,1902,2050,2137,2249,2507,2527,2913,2968,3107,3180
648,2432,2434,2844
650,744
651,772,3171
652
652,695,1066,2429
656
656,657,662,679,1912
657
657
658,1957
663,1493,1778,1781,1840,1842,2209,2215
663
664
667,670
669
669,672,1120,1674,2142
670
670
670
675,1804,1883
675
675,1791
680
681
682,779
684
685
685
687,1493,2140
688,1685,1821,2215,2499,2832,2835,2999,3115,3121
688,3115
689
690
691,1102,1584,1586,1587,1589
693
695,1155,1624,1865,2379,2794,2963,2967,2973,3017
695,939,1418
698,1445,2402,2407
709,772,801
711,1704
712
712,904,2418
716
716
716,2155
716
716,987,2156
716,2160
717,730,1504,1616,1661,1748,1763,1767,1772,1782,1879,1882,1883,1884,1888,1891,1892,1895,1897,1898,1901,1902,1904
718
719,958
719,824,894,1007,1008,1063,1659,2202,2286
720
722,1448,1539,2686
725,2060,2130,2158,2172
725,1015,1267,2158
725
725,2158
725
727,1583
728,951,2142
729
731
731
732
732
733,3042
736
737
738
740,799,887,1840,1842
740,799,2769
741,2236,2526
744
744
750
754
754,813,817,1461,1895
755,1114
759,760,762,2532
761,2146
762,2677
776,1082,1185,1609
776,784,1146,2596,2775
777
777
777
778
781
781,1011
781
782,868
783,2416,2447
784
786,823
789,1699,1774,2962,2980,3172
789
790,1084,2405
791,793,1777
792,804,827,1621,2112
792,2000
800
800
802
803
807
807,1421,1854
808
811,1404,3084
811
811,2779
813,2940
813
814,852,3129,3143
814
815
815
815,3220
817
817
818
818
820,2238,2299,2596,2806,2853,2864,2952,3183
820,1092,1428,1820,2299,2726,2854,2909
821,2717
821
821
822,1341,1372
823
823
825,1502
825,2187
825
825
825
826,1924
828
828
828,1881
829,879,917
829,1872
831
833,2339
835,3068,3095,3097,3098,3100,3106,3217
838
841,1190
842,1853,1946
844,854,1028,1267
844,1022,1223,2128,2838
844
844,1553,1554,1556
845
846,993,995,1198,1940,1950,2572
850,867,1121,1785,2593,2764
850
851
851
852,1665,1681
854
857
863,1002,1068
866
870,1817
871
874
874,998
874,974,2423
875
875
878
880
880,3089
885
885
885,1436,2218,2341,2375,2532,2777,2803,3000,3064,3129,3141,3143,3154,3159
886,919
886
888
889,958,1008
891,1308
891,1473
893,2710,2979
898
898
898
898
901
903
905
908,959,1002,1007,1443,1638,2178
910,1397,1802,1826,2044
911
912,1220,1298,1479,1867,1918
916,2870
917
917
917
919
924,978
925
928,2085,2283
932
935,2183,2232,2235,2480
935,1725,2713
935,2866
936
936
938,1385,3204
942
950,1971
952,1187,1530,2004,2142,3065,3086,3091,3095,3097,3100
957
959,1010,1986,2103,2255,2277
965
965
965
972
972
974,989,1070,1115,1137
975
976,1275,2881
978
980,1131
981
982
985
985
986,1113,1447,1598,1655,1717,1727,1739,1763,1782,1886,1888,2127,2173,2214,2216,2222,2223,2225,2227,2238,2240,2241,2244,2246,2278,2346,2363,2366,2368,2369,2406,2424,2436,2437,2451,2638,2697,2713,2778,2824,2882
988
989
990
993
997,2043,2137,2691,2785,2860,2869,3042,3043,3156
998
1000,1025
1001
1004,1601,1632,1665,1671,1678,1681,1687,1766,1873,1879,1904
1004
1011
1013
1013
1014
1016,1042
1018
1020,1976,2199,2233,3201
1024,1052,1149,1153,1216,1947,2294
1028,1029,2750,2889,3012
1036,1861
1036,1487,2911
1037
1038
1046
1051,2294,2606,2710,2985
1053,1059
1054
1054
1059
1059,2142
1061,1254,1307,2091
1062,3031
1064,1074,2981
1068
1070
1070
1071
1075,2507,2674
1079,2709
1081
1082
1083
1083
1084
1084
1084
1084
1086,1789,1809,2057,2071,2075,2076,2195,2256,2285,2313,2730
1088
1088
1088,1230
1092
1093,1445,1637,1657,1891,2789
1094,1097,1173
1094
1096
1096,1402,1876,1924
1096,1137
1096
1098
1099,1135
1107
1108
1112
1115
1116
1116
1116,1520,2363,2697
1117,1342,1392,2084,2545
1117
1121
1121
1122,1295
1125
1125,1272,2569,2630,3203
1125
1125
1128,2892
1128
1130,1589
1132,1187,1225
1133,2723,2738,2740
1134
1137
1139,1532
1140
1141
1144,2531
1145
1146
1151
1152,3102
1152
1157,2265,2611
1159
1162,1181,1621,1700,1705
1162
1164,1213
1165,1170,1843
1170,1403,1843,1852,1955,1956
1171
1171
1174
1176
1176,1471
1176
1178
1178
1186,1426,1427
1186
1187,1203
1189
1189
1189
1192
1193
1195
1195
1198
1204
1204
1208
1210,1235
1213
1213
1217
1220,1380,1664
1223
1223,2408
1226
1226
1228,1807,1808
1228,2870
1229,3045
1232
1233
1234
1234
1240
1240,1314
1241,1982,3217
1242
1251
1252
1253,2087
1255,1951
1256
1258,1949,2267,2336,2384,2411,2427,2441,3005
1259
1267
1267
1269,2056,2067,2068,2074
1271,2688,2747,3074
1273,1310,1934,2539,3078,3147
1273
1277,2392,2937
1281,3204
1281
1289,2325
1293,1488,1648,1684
1294
1295
1304
1315
1316,1489,2350,2914
1318,2544
1318
1329
1329
1329
1330
1333
1336,1359,1565,1951,1952,2036,2533
1337,1685,1942
1337,3120
1340
1347
1349
1349,2486
1353
1362
1362
1362
1363
1370
1373,1386,1481
1375
1375
1375
1381
1381
1388,1866
1389
1393,1396,1929
1399
1399
1401,2166,2324,2331,2344
1402,1645,2149
1402
1402,1645
1402
1402,1876
1404
1404,1660
1404,1645,1660,2158
1404
1404
1406
1407
1409
1411
1411
1413,2447,2969
1414
1416
1417
1424,1487,1659,1700,1965,2785,2983
1425,2793,3114
1426
1434,2520,2770,2805
1439
1440
1443
1443,2178,2219
1444
1446,1447
1447
1453
1453
1454
1458,2898
1463,1474
1468
1469
1471
1473
1475
1482
1482
1482,2620
1482
1482
1483
1485
1485
1487
1487
1495
1496
1497
1498
1500
1501,2438,2676
1501
1501,1502
1503
1508
1508
1508
1509
1509
1509
1510
1510
1511
1511
1511
1522
1527
1529
1540,2261,2804,2814
1540
1544
1545,1569,2702,2853
1546
1552
1552,1555
1556,2745
1560
1570
1571
1572
1575,1802,1826,2061,2072
1576
1577
1584
1584,1962
1585,1588,2596,2888
1586
1586
1588
1588,2127
1590,2927,2982
1591
1592
1598
1600
1602
1605
1610,1636
1611
1612
1619,1754,1833,3128
1621,1709
1627,1670
1628
1630
1630
1635
1638,2272
1643
1643
1644
1644
1645
1649
1649
1649,1788,2574,3186
1649
1655,1859,1948,2235
1657,2444
1664
1664
1666
1667
1675
1676
1681
1682,1964,3061,3075
1682
1682,1934,2001,2924
1682
1685
1685
1686
1690,1701
1696
1696
1697
1699,1760,2592
1702
1702
1703
1703
1705
1707,3178
1711
1711
1719
1725
1730,2323
1737,2683,2684,2690
1739
1739,2283
1740,1876,1918
1740,1742
1740
1742
1742
1743
1744
1747
1749
1749
1751,2254,2566,3035
1752
1752
1755
1755
1756
1756
1756
1757
1767
1768,1804
1769,1771
1770,1772
1770,1895,2161,2162,2483,3044,3054
1771
1771
1774,1775
1775
1775,1916
1775
1777
1778
1778
1780
1781
1781
1783
1785,3119
1785
1786,1880
1788,1876,2001,2054,2391,2891,2997,3115
1791
1797
1797
1802,1826,2061,2073
1803
1803
1812
1813
1816,2276
1816
1818
1821
1821
1825
1830
1831
1831
1835
1837
1840
1840,2391
1842
1848
1848
1848,2791
1851,2393
1855,2026,2031
1857,2440
1858,2234,3062
1858,2234
1862,3012
1862
1864
1866
1866
1867
1868
1868
1870
1870
1876,1942
1876,2757,2791
1879
1879,2046,2209,2477,2478,2479,2481,2768,3040
1884
1885
1885
1885,1903
1890,2060,2169
1892
1894
1894
1894,2337,2414
1896,2769
1896
1898
1898
1898,2553,2565,2581
1899
1899
1899
1899,2598
1901
1906,2400
1906
1906,3015
1907,2143,2174,2230
1907
1907,2619
1911
1912
1914,2197
1917
1917,2462,2591,2604
1919
1924
1925,1926,1927
1928
1931
1934
1942,2431
1952,2047,2053
1952,2047
1952
1955
1956
1956
1957
1962,2999
1966
1966
1974
1976
1978,2035
1980
1986,2277
1994,1995
1998,2049,2053
2000
2001
2001
2004
2004
2004
2004
2011,2080
2011
2016
2018
2019
2019,2457
2022
2023
2023
2024,2071
2027
2028
2029,2124
2030
2034
2037
2037
2040
2041
2042
2045
2048,2134
2048
2052
2054
2056
2056
2059,2855
2060
2060
2060,2576
2064,2285,2301,2309,2315
2065,2134
2068
2069
2069
2071
2071
2072
2073
2079,2201,2874,3207
2082
2088
2101
2101,2533
2104
2109
2111
2111,2920
2114,2706
2114,2553,2565,2581,2942,3195
2115
2115,2408
2118,2134
2122
2124,3165
2125
2126
2126
2127
2127
2131
2136
2136,2508
2140
2142
2143
2143
2144
2144
2145,2444
2145
2145
2146,2638
2148
2149
2149,2574
2149
2149
2154,2871
2155,2408
2158
2158
2158
2158
2158
2159
2161,2162
2163
2163
2168
2168,3089
2168
2168
2168
2171
2173,2961
2173,2961
2174
2179
2185
2188
2192
2192,2532
2204
2207
2207
2209
2211
2212
2215
2218,2267
2218,2339,2342
2219
2220
2221
2222
2222
2223
2225
2230
2230
2232,2480
2242
2243
2243
2245
2247,2252
2248
2249,2251
2250
2257
2257
2258
2260,2827
2260
2261
2261
2265,2341,2418
2265
2268
2268
2268
2269
2272
2275
2276,2543
2277
2281,2376
2283
2291
2292,2983
2296
2301,2850
2303
2303,2307
2306
2316
2316
2331
2333
2345
2349,2516
2349,2351,2361
2350
2356,2640,2644
2357,2360,2470,2490,2492,3162
2357
2359
2359,2663
2363
2363,2697
2363,2697
2363,2697
2364,2367
2366
2367
2367
2374
2375,2732
2378
2380,2561,3058,3126
2381,2749
2386
2388
2389
2389
2389
2391
2395
2398
2400
2402,2407
2408
2411
2411,2441
2414,2422,2773
2414
2415
2415,2437
2415
2418
2419
2420
2424
2426
2426
2427
2429
2430,2440
2431
2432,2434
2438
2438,2800,3060
2439
2440
2443
2443
2454
2454
2456
2458
2466
2473
2474
2480
2481,2834,3016
2497
2499
2499,3168
2501
2508
2510
2514,2531,2532,2915
2516,2768
2518
2522
2536,2966
2536
2546
2553,2581
2553,2581
2554,2563
2554,2563
2554,2563
2557
2557
2557,3133
2558
2563
2563
2574
2576
2579
2579,2598
2579
2580
2580
2582
2582
2583
2583
2584
2588,2605,2615
2591
2592
2593
2597,2812
2598
2600
2604
2606
2608
2609
2609
2613
2619
2621
2626
2628
2633
2636
2639
2639
2639
2641
2642
2644,2654,2657
2644,2647
2646
2647
2650,2723,2739
2651
2651
2651
2651
2651
2652
2652
2655
2658
2658
2661
2668
2671
2672
2674
2675
2675
2675
2677
2678
2678
2680,2771
2687
2689
2696
2698
2698
2698,2951
2698,2951
2701
2702
2702
2704,2735,2902
2704
2706
2706
2711
2714
2722
2731
2733
2735
2747,2750,2751
2748
2750
2757
2757,2891
2757
2760
2761
2763
2767,3163
2767,3163
2768
2772,2797
2774
2775
2778
2781
2783
2787
2787
2791
2791
2793
2796
2796,2797,2801
2801
2808,2819,2820,2821,2829,2895,2897
2815
2823
2824
2824
2827
2829
2836
2836
2838
2841
2846
2848,2971,3033
2889
2891
2892
2901
2903
2903
2906
2906
2906
2909
2911
2918
2922
2923
2924
2924
2924,3061
2924
2934
2934
2936
2936
2940
2942
2951
2951
2953
2954
2956
2959
2960
2962
2962
2964
2966
2968
2968
2982
2982
2982,2983,2987
2983
2989,3095,3196
2989,3095,3185,3196
2990
2990
2991
2992
2996
3000
3002
3002
3011
3011
3011
3013
3013
3016
3016
3018
3018
3023
3023
3023
3023
3026
3029
3029
3030
3045
3045
3050
3058
3058
3076
3087,3098,3106
3088,3091,3095,3097,3098,3100,3106
3090
3091
3091,3095,3097,3098,3100,3106
3093
3098,3106
3104
3104
3110
3110
3110
3110
3115
3115
3120
3120
3121
3122
3124
3126
3128
3132
3132
3133
3137
3140
3144,3145
3149
3158
3159
3160
3161
3162
3162
3164
3170
3170
3171
3183,3187,3190
3186
3195
3200
3201
3201
3202
3203
3203
3203
3203
3209
3212
3214
3215
3215
3215
3217
3218
3219
3219
3219
3220
3221
