0,63,94,110,144,164,229,236,351,526,1036,1246,1248,1265,1277,1541,1558,1580,1588,1624,1633,1739,1742,1791,1974,2008,2107,2111,2115,2167,2172,2367,2553,2859,2941,3024,3057,3089,3146,3160,3187
0
0
1,61,160,510,788,922,971,999,1395,1458,1459,1477,1497,1954,2119,2159,2162,2198,2426,3048
3,13,20,21,33,35,50,60,70,88,97,98,105,150,170,173,174,188,196,199,208,233,259,266,310,312,320,322,324,326,327,346,391,400,410,425,427,429,448,464,476,482,487,491,496,511,532,534,542,566,572,579,585,588,595,600,601,602,606,631,635,640,656,663,669,671,672,678,683,768,775,776,810,811,814,827,831,844,847,849,850,852,853,866,881,884,885,906,921,931,932,949,950,952,956,985,988,990,994,995,996,1007,1011,1013,1015,1016,1099,1100,1114,1120,1144,1152,1155,1178,1193,1195,1198,1202,1203,1208,1262,1266,1285,1297,1301,1303,1314,1323,1327,1330,1339,1341,1350,1392,1394,1429,1451,1452,1471,1472,1500,1502,1504,1514,1526,1547,1551,1570,1583,1636,1693,1704,1764,1894,1918,2001,2016,2018,2024,2107,2128,2240,2393,2579,2801,2811,2818,2954,3111,3147
3
3,2790
4,21,166
4,22,1395,1918,2578,3145
4,13,16,20,21,23,60,64,69,72,119,125,154,208,217,230,231,263,287,288,295,303,311,357,400,430,447,456,457,475,481,489,517,610,616,618,629,638,646,685,753,773,937,938,943,944,952,968,986,994,995,1022,1040,1048,1049,1071,1102,1108,1121,1129,1158,1162,1163,1170,1178,1179,1187,1190,1196,1197,1221,1225,1227,1228,1269,1301,1322,1342,1343,1347,1351,1363,1368,1369,1370,1375,1404,1406,1426,1437,1444,1451,1452,1457,1467,1472,1477,1479,1495,1513,1544,1550,1563,1573,1576,1586,1632,1644,1672,1704,1737,1742,1749,1750,1753,1754,1757,1763,1767,1768,1784,1829,1834,1849,1856,1860,1880,1881,1885,1896,1899,1902,1909,1929,1959,1963,1977,1984,1986,1987,1988,1989,2002,2019,2024,2029,2033,2040,2056,2059,2078,2079,2091,2100,2102,2108,2132,2135,2142,2147,2171,2184,2186,2234,2237,2238,2240,2254,2262,2266,2293,2340,2343,2358,2359,2366,2386,2387,2390,2391,2392,2396,2414,2430,2442,2443,2446,2463,2468,2481,2482,2484,2516,2524,2534,2538,2552,2588,2589,2594,2597,2598,2602,2625,2671,2688,2689,2690,2691,2692,2693,2694,2695,2696,2697,2698,2706,2715,2716,2724,2725,2726,2746,2754,2762,2782,2803,2818,2831,2835,2839,2840,2846,2850,2855,2858,2859,2876,2877,2891,2894,2898,2901,2902,2915,2916,2923,2928,2929,2931,2941,2942,2943,2950,2979,2987,2995,3002,3017,3019,3026,3027,3043,3088,3092,3095,3096,3130,3149,3166,3167,3173,3180,3189,3198,3199,3200,3205,3216
4
4,6,8,9,11,20,22,27,35,39,40,66,71,75,80,123,133,135,136,141,142,155,162,164,180,182,184,190,198,208,224,228,250,259,266,272,273,331,360,368,369,373,384,424,442,457,480,490,492,505,507,508,525,526,534,535,570,611,628,651,652,668,726,753,769,773,783,909,923,943,1025,1037,1124,1180,1189,1192,1224,1269,1275,1294,1298,1308,1391,1464,1465,1488,1512,1533,1536,1537,1538,1561,1563,1564,1599,1616,1619,1663,1681,1716,1792,1797,1799,1803,1810,1824,1835,1862,1871,1910,1932,1956,1977,2017,2077,2113,2160,2186,2214,2220,2235,2276,2298,2372,2380,2404,2417,2478,2495,2521,2525,2562,2569,2634,2655,2659,2678,2778,2784,2797,2800,2956,2997,3085,3147,3174,3176,3187,3214,3217
5
5,302,317,765,991,1170,1179,1439,1445,1498,1499,1502,1503,2782
6
6,10,26,37,69,84,109,124,135,158,194,203,205,217,253,262,273,295,347,368,399,415,416,417,434,459,464,495,516,547,567,571,588,618,638,678,696,729,744,760,770,789,804,808,815,853,861,902,912,926,929,937,942,944,970,975,979,990,999,1006,1009,1047,1048,1063,1068,1107,1125,1126,1176,1180,1187,1239,1245,1267,1295,1296,1299,1310,1334,1370,1390,1439,1446,1496,1508,1512,1514,1535,1550,1606,1675,1686,1715,1748,1831,1837,1840,1841,1879,1884,1890,1895,1913,1914,1931,1958,1970,1987,1988,2064,2076,2077,2086,2116,2118,2127,2133,2135,2146,2163,2186,2222,2226,2275,2292,2295,2302,2318,2363,2389,2395,2407,2477,2486,2523,2597,2599,2603,2614,2654,2672,2709,2712,2724,2726,2746,2763,2764,2776,2804,2806,2809,2814,2817,2825,2839,2852,2875,2924,2927,2932,2937,2938,2975,2995,3056,3058,3072,3094,3097,3098,3110,3111,3140,3205
7,187,190,193,1857,2186,2524,2527,2685,3088,3125,3129
7,204,416,548,784,785,786,1103,1230,1289,1856,2604,2775
10,156,1404,1710,1856,2022,2023,2024,2148,2225,2471,2520,2524,2527,2848,3088
13,2604
13
14,52,128,163,379,842,871,1177,1348,1381,1384,1437,1440,1499,1809,1901,2177,2181,2702,2777,2819
15,1241,1510,1528,1886,2020,2036,2195,2351,2456,2465,2568,2830
15,24,101,115,185,187,188,189,209,239,242,243,285,303,330,429,434,437,441,446,530,531,533,537,538,539,540,541,542,549,556,601,685,752,753,763,764,824,831,940,984,985,1074,1156,1157,1201,1309,1341,1349,1351,1360,1406,1425,1427,1479,1481,1484,1552,1634,1664,1667,1778,1779,1821,1853,1857,1870,1900,1901,1977,2044,2254,2289,2330,2364,2397,2510,2511,2542,2597,2600,2630,2687,2734,2735,2736,2759,2840,2855,2859,2888,2889,2901,2912,2919,3008,3011,3018,3032,3100,3124,3161
16,234,311,654,947,1102,1340,1500,2333,2428
18,2688
18,77,96,103,130,132,137,140,143,166,210,252,309,342,354,370,388,422,433,443,473,514,807,856,857,863,908,920,1141,1214,1251,1256,1291,1381,1384,1478,1486,1489,1490,1523,1525,1542,1552,1557,1574,1584,1591,1655,1682,1700,1722,1743,1802,1812,1822,1825,1892,1967,2042,2043,2168,2194,2257,2289,2296,2411,2416,2419,2448,2472,2511,2546,2570,2660,2677,2685,2687,2752,2785,2786,2865,2893,2937,2938,2948,2963,3121,3129,3151
19,81,288,2326,2413,2436,2512,2593,2610
23
24,174,200,206,241,549,558,587,670,692,730,1200,1250,1394,1407,1416,1427,1480,1532,1571,1629,1664,1794,1805,1867,1870,1891,1899,1907,1961,1977,2032,2101,2136,2147,2212,2263,2351,2423,2433,2453,2566,2713,2789,2847,2861,3027,3033,3043,3072,3212
25,26,73,185,333,490,492,543,733,779,780,869,2035,2120,2290,2324,2348,2780,3033
26,81,198,1607,1611,1673,1677,2274,2275,2380,2466
26,95,268,323,365,377,575,666,716,760,899,1072,1918,1923,2466,2488,2778
27,236,299,450,463,467,706,765,770,839,868,870,924,942,1107,1122,1254,1267,1432,1437,1439,1441,1446,1654,2013,2077,2169,2171,2177,2195,2230,2241,2260,2306,2307,2312,2316,2355,2356,2373,2709,2753,2808,2809,2810,2967,3072,3188
28
29,321,353,540,1066
29,932,993,1178
30,36,48,105,107,109,149,150,220,226,227,345,429,498,499,500,516,545,561,612,619,620,668,692,757,768,798,826,827,862,864,865,956,959,972,973,989,994,1038,1070,1076,1080,1099,1113,1114,1150,1221,1232,1239,1292,1327,1350,1398,1947,1948,1957,1961,2178,2251,2302,2388,2480,2537,2625,2717,2915,2923,2981,3079
30,93,425,429,453,499,533,594,603,636,644,647,654,678,700,761,873,874,875,921,994,1014,1189,1307,1327,1328,1329,1429,1487,1883,1914,1922,1923,2103,2429,2654,2971,3203
30
31,34,38,40,41,49,51,53,78,101,102,107,128,138,154,156,158,176,209,228,229,230,231,232,238,239,262,274,284,292,295,331,357,358,360,366,367,373,430,431,432,454,458,472,526,575,616,621,622,696,697,709,756,919,928,935,936,938,939,968,969,992,998,999,1003,1019,1036,1040,1044,1048,1049,1078,1108,1116,1118,1119,1121,1122,1123,1125,1127,1128,1131,1133,1134,1164,1166,1175,1179,1186,1187,1188,1189,1190,1204,1205,1270,1272,1273,1274,1275,1305,1342,1346,1349,1352,1355,1358,1359,1360,1362,1363,1364,1365,1366,1367,1368,1369,1370,1371,1372,1373,1374,1375,1376,1378,1379,1380,1395,1419,1421,1423,1466,1475,1476,1479,1483,1492,1565,1576,1592,1664,1669,1670,1689,1701,1702,1709,1711,1712,1739,1740,1741,1750,1751,1755,1756,1759,1760,1762,1763,1767,1768,1769,1770,1772,1778,1779,1782,1783,1784,1785,1786,1801,1809,1819,1820,1821,1823,1850,1851,1877,1881,1883,1900,1903,1906,1912,1925,1928,1929,1930,1960,1968,1998,2033,2040,2046,2047,2057,2058,2079,2081,2082,2126,2127,2128,2129,2135,2172,2183,2225,2236,2258,2318,2319,2320,2322,2323,2337,2340,2342,2343,2344,2358,2359,2360,2362,2364,2365,2386,2389,2390,2392,2396,2401,2418,2458,2477,2481,2484,2485,2486,2493,2494,2510,2572,2574,2590,2595,2597,2598,2599,2613,2615,2630,2641,2701,2702,2704,2714,2716,2724,2726,2734,2745,2762,2765,2766,2768,2769,2770,2777,2841,2842,2843,2845,2846,2848,2849,2850,2853,2854,2856,2857,2858,2859,2887,2890,2892,2897,2898,2903,2906,2924,2930,2932,2933,2939,2941,2964,2983,2993,2994,3013,3032,3045,3082,3089,3090,3094,3095,3149,3171,3172,3199,3201,3202,3204,3205,3206,3207,3209,3213,3214,3215,3217
31,562,573,613,704,787,1386,1475,2074,2078,2086,2098,2117
31,51,63,77,96,128,130,132,148,181,210,252,270,381,388,397,422,433,443,514,543,584,596,632,724,728,750,754,760,807,856,857,908,965,1005,1036,1058,1097,1141,1199,1211,1214,1251,1252,1271,1353,1384,1385,1493,1520,1542,1572,1635,1700,1722,1723,1726,1791,1802,1805,1806,1870,1962,1981,2015,2059,2168,2195,2233,2257,2263,2283,2289,2298,2361,2363,2418,2439,2448,2510,2511,2546,2581,2587,2609,2643,2734,2744,2759,2827,2840,2844,2847,2855,2858,2865,2906,2948,3028,3081,3092,3121,3124,3125,3162,3171,3185,3187,3202,3206
32,149,240,545,618,631,638,645,646,677,1329,1429,3115
32
32,33,478,495,497,498,499,511,3058,3059,3093,3098,3110,3115
32
33,449,1307
33,139,552,1307,2633
33
33
34
34,47,573,613,639,640,663,702,2078,2086,2098,2116
34
35,663,2482,2561
36
36
38,238
38
38,1096,3031
39,118,444,624,637,654,715,761,833,1162,1170,2700
40,64,171,196,221,267,311,420,483,485,496,498,516,593,700,709,744,853,890,900,913,935,959,999,1056,1078,1094,1105,1106,1119,1143,1155,1158,1176,1177,1193,1200,1202,1203,1230,1255,1303,1312,1327,1329,1330,1342,1352,1361,1398,1426,1444,1445,1494,1508,1532,1573,1644,1674,1741,1757,1764,1767,1782,1784,1876,1929,1947,1987,1988,2006,2038,2040,2127,2156,2158,2170,2173,2180,2190,2202,2209,2210,2252,2290,2352,2373,2391,2432,2488,2536,2537,2538,2597,2613,2711,2801,2811,2852,2857,2887,2946,2960,2964,2967,2989,2990,2992,2995,3046,3086
41,815,1014,1436,1832,2049,2543,2750,2753
42,410,1625,1925,1939,2095,2137,2281,2304,2307,2390,2558,2644,3198
43,282,594,676,694,853,1202,1834
43,70,427,566,574,1758,2589,2974
44,271,318,323,403,463,478,554,612,643,701,704,763,877,878,882,904,905,934,982,989,1046,1083,1157,1475,1623,3090
44,458,1004,1012,1014,1386,1564,1783,1895,2064
45,2361
46,129
46,129
47
48,1009,1010
51,844,1247,2280
53
53
54
55,188,542,561,740,1040,1236,2023,2052,2619,3169
55
55
56
56,603,1226
56,256,263,635,962,974,988,1011,1068,1783,1832,2434,2718
56,77,80,81,144,148,182,222,223,249,253,286,351,352,461,524,535,570,596,617,625,651,664,741,755,801,802,840,1421,1452,2020,2066,2069,2070,2073,2078,2084,2085,2086,2090,2094,2097,2098,2104,2106,2112,2114,2115,2116,2117,2278,2294,2423
56
57
57,58
58,249,1217,1219,1280,1519,1660,2983,3031
58,103,137,167,354,781,1219,1478,1481,1484,1523,1524,1525,1552,1584,1682,1708,1743,2042,2044,2354,2411,2660,2893
59,60,585,589,656,658,661,673,682,688,689,690,693,694,699,705,708,810,811,813,814,906,1117,1122,1202,1297,1340,1389,1410,1447,1509,1518,1526,1527,1614,1754,1764,2099,2107,2743,3017
61,63,68,75,183,212,369,371,440,442,513,522,524,536,665,711,771,787,1095,1097,1528,2259,2262,2269,2288,2338,2406
62,109,1302,1341,2123,2405,2578,2647,2648
62
62
62
63,68
63
64,2990
66,71,186
66,71,326,966,1267,1923,2095
67,83
67
67,847,951,1720,2182,2810
70,2945
70
70
71,1992,1995,2284,2623
72
73,80,89,164,211,272,366,381,394,858,1058,2051,2069,2070,2071,2087,2175,2443
74,1273
74
74,268,571,1189,1599,2070,2298,2372,2413,2521,2627,2778,3085
74,155,1305,2070,2298,2372,2413,2521,2778,2964,3085
74,198,249,1703,1942,2070,2379,2463,2465,2716,2791
77,714,715,737,741,769,783,895,1031,1934,2106
78,123,419,426,568,714,722,839,961,1024,1173,1195,1238,1249,1329,1360,1365,1447,1519,1666,1711,1733,1740,1756,1763,1769,1801,1817,1976,1991,2003,2022,2084,2106,2115,2170,2201,2250,2424,2525,2650,2664,2705,2722,2806,2942,3022,3119,3148,3178,3209
78,174,213,236,297,343,420,508,574,580,628,773,982,1018,1031,1089,1115,1146,1216,1277,1379,1409,1501,1548,1567,1651,1667,1772,1789,1920,1924,1975,1976,1992,2037,2190,2208,2283,2288,2333,2346,2418,2447,2473,2475,2550,2555,2606,2645,2651,2821,2956,2959,3038,3080,3148,3150,3175
78,1393,3201
80,91,141,569,1042,1058,2383,2409,2412,2413,2417,2424,2425,2437,2447,2463,2464,2466,2467,2530,2532,2533,2592,2623,2763,2977
83,530,623,815
84
85
86
86
87
88,641
90,226,497,877,878
92,1413,2273,2283,2338,2394,3037
94,96,145,147,180,244,308,330,338,424,508,509,520,529,669,801,802,821,1254,1581,2035,2036,2053,2062,2063,2069,2088,2109,2177,2241,2260,2306,2307,2312,2317,2349,2355,2457,2621,2987,3021,3173
97
97
97
98,99,603,865,875,901,902,929,930,962,1080,1081,1084,1112,1145,1296,1331,1333,1878,1904,1918,1927,1953,1954,2499
100,135,352,580,624,628,637,762,1089,1566,2299,3139
101,154,210,309,334,348,378,387,388,556,655,660,685,742,750,763,764,807,856,857,863,924,945,1050,1074,1106,1205,1214,1251,1252,1256,1376,1425,1486,1520,1562,1565,1701,1710,1722,1734,1758,1774,1800,1802,1806,1812,1827,1894,1984,2027,2030,2034,2056,2058,2059,2060,2061,2079,2082,2136,2168,2195,2202,2257,2323,2409,2422,2427,2430,2440,2489,2511,2517,2520,2534,2536,2573,2752,2803,2807,2830,2840,2841,2854,2870,2874,2934,2935,3078,3095,3101,3147,3164,3200,3216
101,227,1307,1913
104,220,1174,1667
104,108,133,592,780,958,965,1612,1665,1666,1673,1681,1685,1686,1690,1699,1704,1706,1712,1728,1730,1733,1756,1763,1781,1786,1787,1816,1991,2033,2191,2293,2917,3019,3040,3061,3062,3065,3066,3073
104,868,1138,1749
104,2338
106,3007,3196
106
109,116
109,265,288,299,316,479,485,510,777,779,780,782,817,827,1328,1668,1867,2088,2232,2432,3191
109,251,356,459,670,768,1016,1328,1755,1921,2082,2936
109,363,1708,1719,2150,2259,3055
110,122,510,568,574,576,580,581,584,897,898,1719,1720,1721,1737,1742,1744,1745
110,265,351,869,1055,1470,1588,1810,1841,1975,2093,2174,2292,2333,2407,2475,2606,2645,2952,3048,3213
111,112,113,169,241,380,413,414,421,430,549,638,792,895,1020,1021,1207,1241,1243,1281,1321,1332,1335,1348,1399,1400,1401,1402,1403,1405,1407,1408,1409,1415,1416,1417,1418,1419,1420,1421,1423,1424,1630,1639,1748,1921,1993,1994,2093,2953,3026
112,1499
113,646,1980,2028,2052,2055,2057
113
113
114,1352,2604
114,680
114,178,2439
115
116
116,390,566,593,1189,1312
117,446,447,1314,2738
117,437,715,1143,1144,2103
118,121,340,444
118
118,1757
119
121,341,348,351,1029,1039,1041,1042,1043,1044,1052,1191,2264,2310,2338,2346,2354,2356,2359,2367,2385,2394,2396,2484,2581
122,145,832,2199,2201,2234
122,1029,1042,1043
122
123,1079,2328
123
124,174,2804
125,3031
125,283,839,840,1101,1228,1237,1387,1433,1434,2104,2304,2664,2834
126
127
128
131
138,423,428,524,527,556,562,569,570,627,703,704,801,802,1088,1104,1593,1604,1611,1620,1624,1644,1646,1698,1700,1718,1722,1728,1816,2101
138,239,819,969,1069,1349,2717,2767
139
139,3214
139,279,972,1004,1114,1262,1916,2078,2117,2204,2713,2811,2844,2886,3008,3183,3197
142,144
143,243,245,461
144
149,240,477,545,546
155
156
158
158
159,162
161,248,297,298,299,501,505,611,806,861,868,2449,2699,2706,2741,2742,2750,2753,2757,2758,2763,2765,2766,2772,2773,2774,2775,2777,2781,2783,2786,2792,2800,2802,2805,2806,2812,2821,2826,2829,2848,2884,2914,2918,2935,2943,2951,2953,2958,2963,2977,3001,3006,3023,3024,3033,3039,3053,3080,3109,3113,3117,3119,3131,3148,3150,3160,3215
164
169
171,1785
173,348,393,405,564,799,800,957,1140,1235,1241,1244,1255,1264,1433,1434,1456,1483,1563,1629,1653,1694,1752,1753,1754,1759,1823,1848,1877,1962,2096,2236,2238,2242,2250,2265,2314,2316,2340,2395,2424,2544,2623,2671,2695,2782,2835,2978,3029,3084,3088,3107,3118,3171
173,1432,1494,2014,2156,2179,2180,2535,3086
173,1094,2005,2007,2029,2074,2156,2179,2203,2204,2236,2239,2240,2243,2245,2252,2281,2308,2384,2387,2388,2392,2400,2402,2445,3099,3122
173,236
175,1729,1858,1999,2031,2032,2069,2071,2122
177,181,214,3091
178,418,512,551,694,765,876
179
179
185
185,991,2279,2315,2333,2376,2456,2465,2469,2473,2475,2476,2477,2478,2479,2485,2496,2509,2514,2521,2525,2528,2542,2547,2550,2553,2554,2562,2587,2593,2606,2618,2643,2645,2650,2722,2728,2763,3035,3160,3162,3163,3168
185
185
187
188,414,421,1044,1790
188,862,947,1080,2303,2536,2870,3073
189
189,691,1993,2439,2572,3100,3138,3170
190,192,204
191
194,195,257,261,265,266,267,269,527,559,1047,1487,1837,2066,2070,2117,2375,2588,2603,2959
195
195,269
196,242,649,681,699,777,795,797,831,888,1350,2594,2811
197,757,781,785,971,1152,1219,1863,2252
197
199
199,2891,3135,3140
200,509,805,1035,1059,1060,1187,1543,1593,1705,1728,1845,1846,1847,1855,1971,1976,2084,2231,2292,2298,2326,2374,2412,2413,2435,2466,2529,2555,2627,2640,2744,2802,2817,2878,3091,3102,3103,3120,3164
201
206
209,447
209,550,1736
211,1547,2826,2914
216
216
216
217
217
217,345
219,221,2121,2907
219,766,1222,1409,1504,2233,2585,2840,3167
219
220,226,926,1013,1329,1392,1393,1429,1487,2971,3216
220
220,862,864
220
220
224
224
226,878
227,518,546,638,677,2626,2971
228
229
230
231
232
233,241,631,739,849,859,877,885
234,281,287,288,301,313,316,317,326,329,991,1093
234,391
236,249,256,264,289,293,330,1023,1024,1338,1933,1940,1943,1944,1954,1955,1965,1969,1974,1978,1988,2003,2021
236,405,583,601,637,688,796,1321,1509,1532,1620,1628,1760,1913,1966,2029,2156,2248,2618,2668,2969,3000,3179
237,741,744,794,839,855,1234,1470,1485,1510,1573,1745,1869,1886,1942,1968,2029,2245,2248,2256,2333,2384,2428,2449,2635
237,275,314,530,974,989,1501,1920,2066,2434,2479,2489,2610,2721,2725
238,550,3209
238,638,1462
242,2899,2955
242
242,941,1367,1418
243,2792,2947
244,3089,3092
245,1101,3031
245
245
250,1237
251
258,944
262
263,1049
266,345,381,1337,1451,1886,2197,2198,2214,2217,2218
267,2375
267
268,291,1070,1264,1269,2585,2989
269
270,2091,2142
270
271,437,2000,2921,2972,2980,3104,3208
271,668,1301,2921
271
274,367
275,1837
276
277
279,390,401,1191,2001,2076,2253,2503,2507,2565,2653,2749,2754,2789,3052
282
282,1203,1764
283
284,1164,2889
285
285
285,320,326,1085,1093,1094,1129,3138
286,1233,1410,1518,1614
286,555,577,610,638,646,647,670,686,723,1326,1410,1456,2242,2314,3107,3118,3184
287,288,316,329,348,541,566,815,3186
288
291
291
292,1482,2025,2342,2431,2451,2462,2624,2799,3031,3045,3096
294
294
295
297,1501,2459
300,301
300,869,1007,1655,1712,1726,2564,2581,2651,2663,2885
300
301,817,2102,2107,2118
303,362,426,497,555,796,1049,1427,1857,2039,2097,2174,2188,2203,2246,2405,2410,3211
303,322
304,2652
304,1231,1232,2076,2652,2959
306
307,1028,1034,1042,1982
310
310
311
311,1019
312
315,1129,2416,2470,2689
315,475,1382,2024
316
316,317,329,391,623
316
317,587,873,1083,1419,2487
317,1508,2104,2325,2639,2664,2897
317,604,815,816
318,361
319,2476
321
322
322
322
322
323
323,403,717,1125,1344,1970,2557
324
325,3180
327
330,1954,1969,1981,1983,1988,1997,1998,2008,2015
330,859,1540,1762,2274,2340,2585,2628,2976,2982,3062
331,386,941,949,955,956,966,970,971,972
331,575,2399,2563,2791,2808,2846,2852,2868,2922,2928,2957,2972,2995,3046,3071,3076
332,333,360,478,521,779,805,869,1125,1529,1530,1531,1539,1541,1545,1548,1553,1555,1558,1560,1561,1569,1579,1581,1582,1587,1588,1591,1592,1625,1647,1657,1658,1659,1661,1679,1709,1826,1982,2485
333
334
339
340
340
340
342
342,343
343,1230,1231,1840
344
346,2487
347,1390
350
350,914,1361,1658,1777
354,1726,2440,2865
355
356
357,358
357
359
359
359
359,2635,2929
361
366,616,3194
368
368
368
375,382
377,381,632,822,2143,2147,2151,2159,2162,2173,2192,2223,2442,2818
380,421,3135,3190
383
387,2440
388
393
393,687,1848
397,490,501,505,632,1793,1795,1796,1797,1798,1802,1804,1805,1806,1808,1810,1812,1814,1820,1824,1826,1831,1832,1836,1838,1843,1847,1852,1882,1895
398
398
398
400,1297,1339,1383,1559,1653,1654,1720,1989,2055,2074,2544,2757,2922,3111
401
403
403,1272
403
403
403
403
406
406
408
414
416,863,1107,2063
416
416,712,2494
417,438
419,1396
423
424,2700,2722,2829,3048,3150,3176
428
429
429
429,2924
431,879,1125,1126,1163,1273,1344,1353,3014
435
436
436
437
442
442,1516,2085,2098
443,514,886,1050,1256,1591,1592,1812,2257,2342,2752,2809,2810,2861,3002,3101
444
445
445
446,447
446,476,2138,2169,2171,2174,2177,2188,2195,2254,2260,2306,2307,2312,2316,2317,2329,2332,2334,2339,2350,2352,2353,2581,2616,2618,2864,2871
446,1636,1833,2844,2862,2910,2945
448,723,892
449,566,987,990,1011,1500,1841,2074
452
455,669
455
456
459,1051,1278,1947,2974
459,1115,1223,1471
462
462
462
462,709,710
463
464
464
465,1595,2681
466,839,1675,1998
466
467
469,472
471
472
473
474
476
476
476,1341,1502,2830
477,1828
479,593,1161,2284
479
479
480
481
482,883,985,1055,1210,1220,1891,2136,2185
484,650,1075,1104,2383,2637,2645,2649,2650,2651,2652,2655,2657,2658,2665,2666,2679,2682,2695,2699,2703,2705,2711,2722,2728,2729,2732,2733,2736,2737,2747,2760,2763,2772,2905,2908,2934,3004,3018,3020,3050,3053,3063,3134,3141,3191,3208,3212
484
489,567
491
491
492
497
497
497
497,511,1236
498
498
499
500,548,567,620,672,676,677,688,705
500,639,1485,2222,2906
502,2231
503
506
508,509,520,529
510,584
511
512,713
515
515
517,655,659,681,703,846,953,2266,2293
517
517
518
518,3115
520,529
523,2130,2891
523,649,1394,2461,2519
523
525,526
527,597,704,1620,1657,2070
530,555,642,654,670,679,684,745,894,1760
531,1247,1299,2165
532,606,607,710,865,1300,3077
533
536,2338,2378,3011,3023
538
540,602,2016,2856
541
543,760,779,780,781,869,1550
543
545
545,546
546
547,1521
547,553,1068,1076,2497,3056
547,3186
548
551
552
553,2549
556
557,558,622,1145,1776,1783,1878,1890,1920,1926,1927
559
560
560,1460
561
563,2830
563
569
569
569
570
571
571
572,1126
574,656,661,682,686,742,1270,1938,2129,2390,2572,2649,2985,3009
575
575
577
579,859,1232,1432,2498,2652
579
582,1767,2083
582,1134,2138,2855
586,669,873,1100,1155,1373
590,2177,2181,2876,3049,3213
590
591
592,593
592
592
594,1894,1983
594
597,1516
597,1657,2085,2098
599,794,1197,1221,1250
599,760
599
600
602
603,647,1014,1307
607,613,647
608
611
611
611
612
612
613,1076,1299,1888
616,1426,1749,2130
617
617
620
621,1770,1778,1851,2360,2595,2925,2926,3202
624
624,654,815,2506,2700,2992
632,634,729,781,785,790,1116,1412,1575
633,1162,1549
633,642
634
634
634,723,730,1653,1654,1662,1787,1836,1878,2006,2018,2095,2165,2263,2310,2334,2339,2353,2376,2393,2398,2399,2409,2431,2432,2433,2434,2438,2449,2451,2452,2453,2454,2462,2465,2487,2492,2519,2563,2565,2571,2583,2584,2624,2630,2741,2742,2748,2750,2751,2753,2758,2761,2790,2791,2808,2868,2911,2922,2957,2972,2990,2996,3019,3033,3046,3047,3052,3061,3062,3066,3067,3070,3071,3072,3073,3074,3075,3076,3107,3188
635
635,2479
635,1583,1917,1990,2009,2010,2851,3185
636,705,776,1461
636,784,785,786
636
636,758,1953
637
637,645,796,1509,1564,1687,1924,2065,2156,2179
638,2343
639
643
643,686,957,1964,2002,2019
646
651,823,1043,2378,2515,3193
652
653,657,706,766,1085,1100,1107,1259,1268,1276
655
655
657,765,766,770,942,1085,1107,1259,1267,1268,1276,1435,1437,1438,1439,1440,1441,1445,1446,1498,1499,1502,1503,1504
658
659
660
661
663,678,693,700,702,707,708,711
663
669,680,686
670
671,1328,2633
675,1297
676
677
677,699
678
679
680,2617
681
682
683
683
687
689
690
691
691,697
692
698,1376,1482,1801,1952,2410
699,766,770,1151,1208,1332,1341,1382,1405,1503,2116,2188,2451,2750,2753,2755,2756
700
701
705,765,942,1445,1499
710
711
711
712,3186,3197
712
715,1773,1829,1869,2449,2568,2591,2594,2602,2964,2986
724,1018,1532
727
737,1507,1571,1636,1653,2006,2065,2067,2104
738,1163,2111,2115,2227,2485
739
741,2588,2712
742
743,980,1073,1108,1121,1211,1272,1344,1638,1807,1813,1853,3126,3133,3137
743
744,1062,1253,1294,1549,1770
745
748,2734
754
757
759,781,1116,1504
759,1399,1702,2524,2546,2566,2570,2872,3116
760,1144,1193,1487,1747,2646,2758,2796
762
765,766,770,1085,1107,1259,1267,1268,1276,1438,1440,1445,1446,1498,1499,1502
767,768
771
771
771
771
771
771,1048,2487
772,1805,2027,2120,2123,2284,2446,3208
772,1181
772,878,954,1312,3194,3195,3211
773,1319
775,2075,2305,2334,2391,2567,2866
775,809,989,2157,2246,2261,2334,2391,2504,2567,2866,3065
777,778,1195,1198,1585,1783,1904,1939
779
781
783
784,831,1952
785
790,1104,2779
790
791
791,792,793,804
792
793,2565,2586
793
793,1197,1220,1221
798,901,902,1283,2328
798
800
800
804,983,1233,1334,1942,2565
809
811
811,2928,2966,2968,2972,3062,3074,3075
814
819
819,1983
819
820
822
822
823
824
824
824,2807
825,885
831
833
833,1036,1039,1041,1044,1052,2284
834
836,1998
838
840,2111,2115
841
841
844,1980,2366,2693,2890
845,870,883,2685
845
846,848
846
846
846,848
847
849,942,1407,1438,2749,2833
852
853,1016,1143,1144,1203,1262
854,1008
857,958
860
862,864,2799
865,1948,2838,2871,3077
866,1349,2809,3130
870
870
871
871,1285
874
874
875
875
877
880
880
888,2592
888
888
892
898
901,902
903,908,1380,1381,1384,1700,1741,1828,2255,2262,2535,2541,2813,2862,2864,2899,2901,2948,2954,2975,3136,3152
909,2025,2462
910,911,3062,3072,3074,3075
911,1868,2148,2848,2931,2938
911
918,1441,2272,2338,2444
922
922
924
925
925
927
928,1247,2438
930
930,3011
934,2831
934,2924,2941,2943
936
939
939,2913
939
939
945
946,947,953,1892,2700,3138,3142,3153,3179
950
953
954,958,977,980
955
955,2010,2189
957
958,971,977,979,981,1169,1183
959,2302
959
960
962
964
964
966,969,975,976,1315,1317
967,1448,1450,1458,1465,1515
968,1317,1380,3215
970
971,981,1315,1316
971
974
975
976
976
978
978
980,1317
986
988
991
996
998
998
1002
1004
1006
1006,3062
1007
1013,1038,1046
1017,1038,1067,1077,1079,1084,2201,2205
1020,2034,2037,3148
1020,1021
1020,3089
1022,1045,1226
1026,1027,1042,2435,2436,2448,2463
1027
1039,1969,2553
1040
1047
1048
1048,1325
1049
1053,1064,2466,2473
1054,1310,1319,1320,1323
1054
1057,1087
1058
1061
1063,1082,1871,1958
1063
1065,1066,2899
1073,1088,1104,1109,1700,1718,1723
1074
1079
1080,1081,2497,3056
1083,1129,1948
1085,1259,1276
1086
1086
1090,1092,1104,1109
1091,1200,1734,2408,2526,2527
1091
1093,1103
1094,1857,2012,2433,2970,3140
1100,2246,2312,2932,2968
1101
1102,1118,1123,1632,1829,1968,2818,2945,3026
1102
1103
1104
1104,3063
1107
1109
1110
1111
1112
1114
1114,1191,2507,2653,2717
1116,1546,2783,3081
1123
1125,1484,1552,1779,2044,3210
1125
1125
1125,1421,1466,1918,2485,3217
1126
1126
1126
1129
1129
1129
1130
1131
1132,1917
1135,1263,1271,1290,1566,1648,1691,1698,1728,1756
1136,1265,1277
1137
1139,1290
1140
1140,1858,2745
1143
1144,1196,1924,2375
1147,1360
1148
1150,1210,1303,1588,2414,2432
1151
1156
1158
1159
1159
1161,1162,1168,1173
1161
1163,1269
1163
1165
1166,1189,2234,2417,2735,3110,3203
1167,1184
1170
1172
1173
1174
1175,1766
1181,2186
1181
1182
1182,2317
1182
1182,1778,1913,1914
1183
1185,1973
1186,1283,1321,1405,1921,2965
1186
1189,1253
1191
1192,1456,1510,1512,1996
1193,1993
1196,1197,1221,1909,2237
1199,1209
1204
1206
1211
1213
1213
1215
1220,1221,2189,2228,2258,2287
1220
1220,1221
1222,1224,1238
1223,2609
1225,1227,1228
1227
1228
1233,1993,2225,2759
1233,1235
1233,1234,1662
1233
1236
1237,1373,1900,2475
1239
1239
1239
1241,1630,2471
1245
1245,1393,1412,2158,2460,3098
1246
1249
1249
1252,1736,2831
1253
1259,3159
1262
1265,1549
1268
1268,2558,2991,3062,3066,3068
1271
1273
1276,1335,2492
1277
1277
1280
1280
1281
1292,1801
1298
1300
1302,2336,3198
1306
1312
1314,1796,3201
1316,1499
1319,1339,1383,2196,2198,2209,2210,2218
1319
1325,1457,1467
1333,1905,3186
1333,3077
1334
1335
1339,1436,1638
1340,1738
1341
1341,2668
1342
1343,2549
1344,1345,1353,1391,1395,1517,1970,2429
1346
1347
1348,1399
1348
1350
1351,2839
1351
1351,1667,1770,2541,2762
1357,1939
1364,1370,1379,2899
1366
1368,1817,1960
1371
1371
1373,1925
1373,2210,2869,2900
1377
1378
1378
1379,2902
1381
1384,2703
1385
1386,1398,1840,2537,2960
1387
1388,1568,1668,2063,2584
1389
1394
1395,1515,1749,1750,1756,2214,2234,2425,3095,3184
1396
1397
1398
1404
1406
1412,1885,2006,2075,2077,2109,2169,2171,2174,2177,2195,2241,2254,2259,2260,2262,2263,2265,2280,2281,2290,2301,2302,2303,2304,2306,2307,2312,2316,2317,2321,2322,2329,2334,2339,2340,2343,2344,2350,2352,2353,2355,2360,2361,2366,2409,2442,2443,2446,2451,2453,2460,2461,2479,2519,2552,2625,2695,2697,2698,2708,2709,2774,2835,2923,2976,2987,3104,3173
1414
1418
1418,2851
1422
1422
1426
1430
1431
1433
1436,2335,2454
1436,2281,2308,2335,2373,2381,2382,2384,2402
1438
1444
1444
1444
1448,1449,1455,1459,1464,1501,2810
1448
1453,2560,2715,2984
1454
1455,1681,1995,2034,2284,2367
1456,2129
1461
1461
1466
1467
1469
1472
1476,2008,2462,2715
1482
1483
1483
1483
1490,1892,2786
1492
1494,1507,1938,2403,2532,2533,2558,2560,2563,2565,2626,2633,2637,2642,2644,2663,2674,2676,2691,2713,2961,3087,3169
1495,1496,3167
1496,2692
1497
1497
1501,1771
1501
1501
1506
1507
1507
1513,2116,2117
1513
1517
1519
1519
1521
1522
1524,2823
1527
1531,1532,1583,1627,1652,1685,1688,1694,1695,1702,1747,1786,1842,1868,1869,1873,1875,1880,1897,1908,1911,1912,1922,1923,1938,1939,1941,1946,1999,2007,2008,2014,2025,2027,2028,2037,2167,2266,2329,2340,2343,2344,2356,2359,2361,2366,2396,2414,2442,2443,2446,2450,2461,2488,2503,2538,2552,2557,2625,2629,2632,2695,2698,2699,2706,2707,2708,2709,2739,2740,2749,2753,2754,2755,2756,2757,2765,2774,2789,2793,2795,2796,2833,2835,2845,2846,2851,2852,2856,2888,2889,2909,2910,2926,2928,2929,2941,2946,2966,2967,2968,2976,2991,2992,2995,3016,3035,3043,3104
1531,1568,1916
1532,3016
1532
1539,1541
1540
1540
1544
1544
1544
1546
1548,1574,1582,1587,1590,1592
1549,1670,1975,2002,2485,2673,2679,3066
1550
1551
1554
1557,1822,3152
1557
1559,1922
1563
1563,1593,1601,1608,1640
1567,1833,2289,2709,2712,2715,2717,2735,3044
1570
1572
1573
1573
1574,1825,2216,2219,2416,2419,3151,3152
1576,2095
1576
1581,2376,2465
1586
1586
1588
1589
1591,1679
1592
1592
1593,1603,1610,1637,1645,1698,1780
1593,1605,1607,1633,1650,1656,1698,1728
1593,1602,1609,1624
1613
1613,2049
1613
1613
1617
1618
1621
1622
1623
1627
1628
1631
1631
1631,2843
1641
1642
1651,2899
1655,1700,1812,2675
1670
1672,1845,1855
1672,1845,1855
1673
1673,2417
1675
1677
1678
1685
1685
1689
1690
1694,1720,2567
1696
1699
1700,1982,2448,2714
1704
1705,1713
1706
1708
1713
1713
1713
1714,2782
1717
1720,2460
1726
1727
1730,2080
1731,1735
1732
1733
1739
1740,2803
1741,2071,2218,2338
1742
1748
1749
1751
1752
1753
1754
1756
1756
1761
1762
1764
1766
1766
1769
1770
1770
1771
1773
1774
1780
1780
1782
1789,1791
1792
1794,2123,2646
1800,2916
1801
1807
1809
1811
1814,1830
1815
1815
1817
1819
1820,2770
1820
1820,2158,2429,2460
1820
1826
1826
1826
1827
1829
1829,2271,2338,2458,2835
1832
1838,3053
1840
1841
1842,1843,2010,2139
1843,2009,2010,2164,2619
1849
1851
1851
1853
1854
1854
1860,1867
1860
1865
1867
1868
1869
1871
1871
1873,2022,2573,2578,2804,2823
1877,2637
1878
1878
1879
1880
1880
1880
1888
1888
1888
1889
1891,2612
1901,2701
1902
1902
1905
1905,1921,1945,1952,1957,1958
1906
1908,1941,1946
1912,2158,2229,2246,2264,2286,2305,2318,2332,2349,2488
1912
1913
1914
1915
1916,2900
1916
1917
1918,3010
1918
1919
1920,1945
1921
1925,2047,2125,2777
1926
1929
1929,2516,2624
1931
1934
1939
1946,2099,2414
1946
1947,1957,1961
1951
1961
1962,2049
1962
1963
1964
1966
1970
1970
1970
1972
1979,2540
1981
1981,2008
1982
1982,2358,2366
1983
1983
1983
1987
1988
1989
1989,2062
1989
1989
1999,2209
2001,2674
2002,2497,3189
2005
2006
2007,2065,2243,2402,2563
2012
2013
2014
2014
2018
2018
2019
2026
2027
2029,2203,2445,3099,3100
2029
2030
2033
2035
2039,2461,3200
2050,2069,2071,2377,2446,2946
2052,2689,2696
2054
2057
2059
2060
2060
2061
2066,2588
2067
2070,2906,3104
2070
2072
2072
2074
2075,3055
2076,2104,2639,2641,2961
2079
2079
2080,3210
2088
2091
2096
2102
2106
2109,2457,2458,2484
2110,2230
2116
2116
2118
2118
2119
2120
2121
2123,2638,2647,2648
2125,2451,2748
2125
2126
2130
2130
2140,2149,2151,2159,2162,2166
2144,2147,2151,2159,2162,2167
2147
2149
2149,2210,2215,2592,2706,2751,2757,2826,2914,3215
2149
2150
2151,2159,2162,2170
2158
2158,2306
2158
2163
2163,2620
2166,2463,2793,2795
2166
2167,2172,2300
2170
2170,3201
2171
2176,2186,2199
2176,2186
2176,2234
2176,2199,2201,2234
2180
2182
2186,2199
2189
2190
2191
2198,2205,2208,2212,2215,2216,2218,2219,2221
2199,2201
2199
2200
2203
2209,2210
2211
2215
2215
2220
2221,2457
2222
2224
2224
2225
2225
2227
2228
2229
2229
2229,2737
2230
2237,2614,3184
2237
2238
2239
2244
2244
2255
2255,2889
2260
2260,2790,2793,2974
2264,2270,2298,2300,2313
2264
2267,2338,2441,3175,3177,3185,3187,3193
2268,2326,2338
2274
2277,2447
2277
2279,2280
2280
2281
2281
2282,2285
2282,2285
2282
2284
2285
2290
2290
2296
2300
2303
2303
2309
2312,2317
2313
2314
2318
2318
2319
2321
2327
2328
2330
2331
2331
2331
2332
2333,2820
2336
2338
2338
2340
2340,2442,2443,2446,2698,2756,2835
2341
2341,2956
2343
2347
2350,2352,2353
2350
2353
2357
2358
2360
2363,2716
2364
2367
2373
2375
2375
2382
2382
2382
2384,3041
2387
2388,2392,2402
2393
2399
2399,2957,2967,3075,3076,3188
2400
2405
2406,2447
2406
2412
2417
2417
2417
2420,2426
2420,2832,2837,2860
2427
2429,3204
2429,2664
2429
2430
2431,2453,2492,2583
2432
2433,2676
2433
2439
2440
2442
2443
2444,3126
2446,2503,2552,2561,2668,2985,2987,3086,3090,3173
2447
2453
2454
2459
2459
2460,3203
2460
2460
2468
2470
2471
2474
2480,2586
2480
2481
2485
2485
2487
2487
2487
2487
2487
2488
2488
2491
2491
2492
2492,2632
2492
2494
2497,2499
2497
2497
2499
2499
2504
2505
2505
2505
2506
2507,2736
2507
2510
2513
2515
2516,2517
2525,2562,3100
2528
2532
2532
2533
2538
2538
2539
2541
2546
2548
2548,3125
2550,2555
2552
2552
2552
2554
2558,2559,2560,2581,2663,2692,2996
2558
2559
2565,2571,3052
2570
2572
2576
2578
2584
2584,3052
2584,2789
2585
2586
2586
2588
2589
2591
2592
2596
2596
2600
2600
2600,2604
2600
2603
2604
2609
2609
2609
2614
2617,3159
2618,3182
2621,3046
2625,3067
2627,2628,2631
2629
2629
2633
2633
2635
2635
2635
2636
2638
2638
2640
2644
2647
2648
2649,2698
2658,2682,2733
2662
2662
2664
2669
2675
2676,2678,2679
2680,2710
2682,2703,2733
2682
2683
2687,3112,3144
2690
2695
2696
2699
2703
2708
2708
2711
2711
2716
2721
2725
2725
2727
2731
2734
2737
2739
2744
2746
2748
2748
2760
2761
2763
2766
2767
2770
2776
2776
2776
2779
2779
2783
2783
2785,2872,2937,3126
2787,2788,2806,2807
2800
2801
2803
2809
2815
2816,2820
2817,3034
2817
2818
2827
2833
2834
2840
2844,2854,2862
2847
2849
2849
2849
2850
2853
2854
2854
2855
2857,2871
2858
2863
2864
2869,2973
2869,2973
2870
2870
2871
2871
2877,3035
2882
2882,3036,3048,3051
2888
2891
2897,2900
2900,2903
2901
2902
2902
2903
2903
2903
2904
2907
2907,2944,2964,2970,2981,2984,2986,2998,2999,3000
2907
2909
2911
2913
2913
2917
2919
2921
2923
2926
2927
2928
2930
2940,2961
2940,2961
2941
2942
2943,2947
2947
2950
2950
2952
2952
2954,3079,3188
2956
2963
2963
2966,2972,3072
2967
2968
2970,3143
2976,2978
2979
2984
2985
2989
2990,2992,3159
2990
2990
2991
2994
2996
2998
3002
3002
3008
3010
3016
3018
3019
3019
3022,3113
3023
3023
3024
3025
3026
3026,3028,3031
3026
3026
3031
3031
3031
3041
3041
3042
3042
3042
3052
3053
3057
3060
3062,3065
3063
3073
3073
3081
3082
3087
3088
3090
3093
3097
3100
3103
3104
3104
3106,3111
3108
3112
3115
3119
3127
3127
3128
3132
3132
3137
3138
3140
3141
3146
3155
3156
3158
3159
3161
3170
3170
3171,3175,3177,3187
3177
3178
3178
3179
3179
3180
3180
3180
3180
3184
3184
3185
3186
3188
3190
3194
3197
3197
3200
3203
3204
3204
3204
3206
3210
3214
3217
